{
  "hash": "0cacf3be",
  "configHash": "4e2773d7",
  "lockfileHash": "fad1b3e6",
  "browserHash": "89992289",
  "optimized": {
    "@angular/cdk/bidi": {
      "src": "../../../../../../node_modules/@angular/cdk/fesm2022/bidi.mjs",
      "file": "@angular_cdk_bidi.js",
      "fileHash": "257ddb1c",
      "needsInterop": false
    },
    "@angular/common": {
      "src": "../../../../../../node_modules/@angular/common/fesm2022/common.mjs",
      "file": "@angular_common.js",
      "fileHash": "55128d78",
      "needsInterop": false
    },
    "@angular/core": {
      "src": "../../../../../../node_modules/@angular/core/fesm2022/core.mjs",
      "file": "@angular_core.js",
      "fileHash": "5cf2d79a",
      "needsInterop": false
    },
    "@angular/forms": {
      "src": "../../../../../../node_modules/@angular/forms/fesm2022/forms.mjs",
      "file": "@angular_forms.js",
      "fileHash": "816dac23",
      "needsInterop": false
    },
    "@angular/material/icon": {
      "src": "../../../../../../node_modules/@angular/material/fesm2022/icon.mjs",
      "file": "@angular_material_icon.js",
      "fileHash": "b970bba2",
      "needsInterop": false
    },
    "@angular/platform-browser": {
      "src": "../../../../../../node_modules/@angular/platform-browser/fesm2022/platform-browser.mjs",
      "file": "@angular_platform-browser.js",
      "fileHash": "068b5971",
      "needsInterop": false
    },
    "@angular/router": {
      "src": "../../../../../../node_modules/@angular/router/fesm2022/router.mjs",
      "file": "@angular_router.js",
      "fileHash": "37af8e34",
      "needsInterop": false
    }
  },
  "chunks": {
    "chunk-X6COL5EJ": {
      "file": "chunk-X6COL5EJ.js"
    },
    "chunk-TA2PB4RF": {
      "file": "chunk-TA2PB4RF.js"
    },
    "chunk-CCCT2YGM": {
      "file": "chunk-CCCT2YGM.js"
    },
    "chunk-S75VKOXQ": {
      "file": "chunk-S75VKOXQ.js"
    }
  }
}